{"36": [13.361037387512406, 0.1601582120163426, 1.2000000000000002, 9.448818897637794], "37": [13.53738765974392, 0.15538592512805946, 1.2000000000000002, 9.72097209720972], "38": [13.718796841995585, 0.1508549576390514, 1.2000000000000002, 9.990749306197966], "39": [13.892330052792545, 0.14637909294245283, 1.2000000000000015, 10.256410256410255], "40": [14.079705349028712, 0.14222723165994267, 1.2000000000097555, 10.526315789473683], "41": [14.275179247402402, 0.13834756561727524, 1.2000000000001059, 10.799999999999999], "42": [14.480101748032283, 0.13471097537084234, 1.2000000000000002, 11.076923076923077], "43": [14.693026517691825, 0.13129207318434472, 1.2000000000000002, 11.35646687697161], "44": [14.896857579528454, 0.1278568657012229, 1.2000000000000002, 11.625403659849301], "45": [15.11751495842962, 0.1247481055760463, 1.2000000000000002, 11.907386990077176], "46": [15.345595887165663, 0.12181942461372858, 1.2000000000000002, 12.18961625282167], "47": [15.57176631621306, 0.11895151005385628, 1.2000000000000057, 12.471131639722863], "48": [15.81538604443014, 0.11639994410364521, 1.2000000000006736, 12.76595744680851], "49": [16.038668403603346, 0.11364385203511303, 1.2000000000000002, 13.043478260869565], "50": [16.28367197501787, 0.11122694380903607, 1.2000000001848008, 13.333333333333334], "51": [16.517067180205956, 0.10872365159559336, 1.2000000000071072, 13.619167717528374], "52": [16.78353889695267, 0.10668881456020869, 1.2000000000022943, 13.917525773195877], "53": [17.032304834578785, 0.10450992894980828, 1.2000000001632938, 14.210526315789474], "54": [17.30203434526922, 0.10261656900643036, 1.2000071521387856, 14.516129032258064], "55": [17.53315200895823, 0.10027831464762682, 1.2000000004413578, 14.794520547945206], "56": [17.67431478416207, 0.10000000000000002, 1.3588989189111647, 15.104895104895105], "57": [17.747292336810563, 0.10000000000000064, 1.5780519266436643, 15.406562054208274], "58": [17.75430739245357, 0.10000000000000002, 1.8404279118317528, 15.69767441860465], "59": [17.786196517060386, 0.10000000000000002, 2.089232933945998, 16.0], "60": [17.876123872073354, 0.10000000000000002, 2.303117017100166, 16.314199395770395], "61": [17.910400687409545, 0.10000000000000002, 2.553545603707331, 16.615384615384613], "62": [17.964106510891725, 0.10000000000000002, 2.793371946916881, 16.927899686520377], "63": [18.075633966553255, 0.10000000000000002, 2.9987315235794214, 17.252396166134186], "64": [18.12101335547101, 0.10000000000000002, 3.2482445947584417, 17.5609756097561], "65": [18.076156897617082, 0.10000000000000002, 3.5567205326671343, 17.851239669421485], "66": [18.190200224131576, 0.10000000000000002, 3.7663878691221386, 18.18181818181818], "67": [18.21241097895388, 0.10000000000000002, 4.0356643403298955, 18.493150684931507], "68": [18.293523400798474, 0.10000000000000002, 4.269040445391074, 18.81533101045296], "69": [18.269051297851725, 0.10000000000000002, 4.572792836444724, 19.115044247787612], "70": [18.365994399580586, 0.10000000000000002, 4.798243947779419, 19.45945945945946], "71": [18.45146779383005, 0.10000000000000002, 5.0342088900008095, 19.78021978021978], "72": [18.48435275766323, 0.10000000000000002, 5.305769411105119, 20.11173184357542], "73": [18.50195444910735, 0.10000000000000002, 5.589428225865842, 20.415879017013232], "74": [18.59027346268355, 0.10000000000000002, 5.827921214964212, 20.76923076923077], "75": [18.65716182011693, 0.10000000000000002, 6.082953994532439, 21.09375], "76": [18.713128304850887, 0.10000000000000002, 6.345330459999741, 21.428571428571427], "77": [18.775865911327074, 0.10000000000000002, 6.6047427869188065, 21.774193548387096], "78": [18.777937049550367, 0.10000000000000002, 6.908681039218678, 22.085889570552148], "79": [18.785207019580124, 0.10000000000000002, 7.210152110317518, 22.406639004149376], "80": [18.92903656468007, 0.10000000000000002, 7.42102759043158, 22.78481012658228], "81": [19.02573842905372, 0.10000000000000002, 7.667466588020533, 23.126338329764454], "82": [18.943173051855748, 0.10000000000000002, 8.031955567638297, 23.427331887201735], "83": [19.005429827574133, 0.10000000000000002, 8.303201457590255, 23.78854625550661], "84": [19.191403363187234, 0.10000000000000002, 8.494646783129857, 24.161073825503355], "85": [19.17919914317368, 0.10000000000000002, 8.816933531777655, 24.48979591836735]}